"","SampleID","SampleType","Ext.date","PCR.date","Seq.date","ID_Number","Date","Time","Season","General_Loc","Lat","Long","Species"
"1","BLA20220921.E","control",20220921,20220928,20221013,NA,NA,NA,NA,NA,NA,NA,NA
"2","NEG20220928.ban","control",NA,20220928,20221013,NA,NA,NA,NA,NA,NA,NA,NA
"3","POS20220928.ban","control",NA,20220928,20221013,NA,NA,NA,NA,NA,NA,NA,NA
"4","BIS12","sample",20220921,20220928,20221013,"12","27-5-2022",12:30:00,"Spring","Middle Panther","51.598009",-115.643403,"Bison"
"5","ELK49","sample",20220921,20220928,20221013,"49","16-6-2022",09:20:00,"Spring","Bighorn Flats","51.73404",-115.53532,"Elk"
"6","BIS56","sample",20220921,20220928,20221013,"56","25-7-2022",16:35:00,"Summer","Divide Pass","51.7395742",-115.9223924,"Bison"
"7","ELK75","sample",20220921,20220928,20221013,"75","24-7-2022",15:04:00,"Summer","1km east of Scotch pasture","51.667463",-115.816518,"Elk"
"8","BIS1","sample",20220921,20220928,20221013,"1","10-5-2022",19:56:00,"Spring","Scotch Pasture","51.666789",-115.839642,"Bison"
"9","BIS9","sample",20220921,20220928,20221013,"9","12-5-2022",18:15:00,"Spring","Tyrell Flats","51.675648",-115.782128,"Bison"
"10","ELK16","sample",20220921,20220928,20221013,"16","28-5-2022",09:50:00,"Spring","Barrier Drift Fence North","51.617483",-115.595718,"Elk"
"11","ELK24","sample",20220921,20220928,20221013,"24","6-6-2022",11:30:00,"Spring","Mare Flat","51.733929",-115.551852,"Elk"
"12","BHS29","sample",20220921,20220928,20221013,"29","27-05-2022",11:08:00,"Spring","Middle Panther","51.598436",-115.641427,"BighornSheep"
"13","BHS36","sample",20220921,20220928,20221013,"36","9-6-2022",10:20:00,"Spring","Hat Mountain","51.766448",-115.578738,"BighornSheep"
"14","BHS42","sample",20220921,20220928,20221013,"42","26-7-2022",12:45:00,"Summer","Divide","51.7215849",-115.9329318,"BighornSheep"
"15","ELK54","sample",20220921,20220928,20221013,"54","27-7-2022",11:00:00,"Summer","cascade fire road south of scotch","51.625062",-115.828493,"Elk"
"16","BHS58","sample",20220921,20220928,20221013,"58","27-6-2022",16:20:00,"Spring","Middle Panther Saltlick","51.592128",-115.655099,"BighornSheep"
"17","BIS2","sample",20220921,20220928,20221013,"2","2010-05-22",20:15:00,"Spring",NA,"51.66519",-115.837124,"Bison"
"18","ELK17","sample",20220921,20220928,20221013,"17","19-5-2022",11:30:00,"Spring",NA,"51.740518",-115.552423,"Elk"
"19","BHS27","sample",20220921,20220928,20221013,"27","12-5-2022",15:20:00,"Spring","Wapiti west slopes","51.708401",-115.789557,"BighornSheep"
"20","BHS33","sample",20220921,20220928,20221013,"33","9-6-2022",09:24:00,"Spring","Hat Mountain","51.764686",-115.573547,"BighornSheep"
"21","ELK48","sample",20220921,20220928,20221013,"48","14-7-2022",12:45:00,"Summer","YHT Pasture","51.743894",-115.558835,"Elk"
"22","BHS53","sample",20220921,20220928,20221013,"53","1-8-2022",20:30:00,"Summer","Hat Mountain","51.7659762",-115.577232,"BighornSheep"
"23","BIS59","sample",20220921,20220928,20221013,"59","26-07-2022",10:25:00,"Summer","Divide Cabin","51.725379",-115.907317,"Bison"
"24","BIS72","sample",20220921,20220928,20221013,"72","10-8-2022",11:45:00,"Summer","Tyrell Slopes","51.6835981",-115.8079704,"Bison"
"25","BHS40","sample",20220921,20220928,20221013,"40","1-8-2022",20:30:00,"Summer","Hat Mountain","51.7659764",-115.5772317,"BighornSheep"
"26","BLA20240118","control",20240118,20240122,20240304,NA,NA,NA,NA,NA,NA,NA,NA
"27","BLA20240119","control",20240119,20240122,20240304,NA,NA,NA,NA,NA,NA,NA,NA
"28","BLA20240124","control",20240124,20240126,20240304,NA,NA,NA,NA,NA,NA,NA,NA
"29","BLA20240125","control",20240125,20240212,20240304,NA,NA,NA,NA,NA,NA,NA,NA
"30","BLA20240130","control",20240130,20240201,20240304,NA,NA,NA,NA,NA,NA,NA,NA
"31","BLA20240131","control",20240131,20240201,20240304,NA,NA,NA,NA,NA,NA,NA,NA
"32","BLA20240205","control",20240207,20240214,20240304,NA,NA,NA,NA,NA,NA,NA,NA
"33","BLA20240219","control",20240219,20240221,20240304,NA,NA,NA,NA,NA,NA,NA,NA
"34","NEG20240214","control",NA,20240214,20240304,NA,NA,NA,NA,NA,NA,NA,NA
"35","POS20240214","control",NA,20240214,20240304,NA,NA,NA,NA,NA,NA,NA,NA
"36","NEG20240221","control",NA,20240221,20240304,NA,NA,NA,NA,NA,NA,NA,NA
"37","POS20240221","control",NA,20240221,20240304,NA,NA,NA,NA,NA,NA,NA,NA
"38","NEG20240201","control",NA,20240201,20240304,NA,NA,NA,NA,NA,NA,NA,NA
"39","POS20240201","control",NA,20240201,20240304,NA,NA,NA,NA,NA,NA,NA,NA
"40","32BHS","sample",20240118,20240122,20240304,"32","27-05-2022",13:30:00,"Spring","Middle Panther","51.593315",-115.648812,"BighornSheep"
"41","38WTD","sample",20240118,20240122,20240304,"38","25-5-2022",15:20:00,"Spring","Panther Corners","51.619062",-115.469547,"Deer"
"42","47ELK","sample",20240118,20240122,20240304,"47","16-6-2022",08:45:00,"Spring","Bighorn","51.73542",-115.53513,"Elk"
"43","85","sample",20240118,20240122,20240304,"85","30-3-2023",11:48:00,"Winter","YHT East Bighorn","51.743386",-115.532321,"Elk"
"44","41","sample",20240118,20240122,20240304,"41","2001-08-22",20:30:00,"Summer","Hat Mountain","51.7659761",-115.5772317,"BighornSheep"
"45","99","sample",20240118,20240122,20240304,"99","2010-08-22",11:30:00,"Summer","Tyrell Slopes","51.6833927",-115.8077152,"Bison"
"46","62","sample",20240119,20240122,20240304,"62","2001-08-22",20:30:00,"Summer","Hat Mountain","51.7659762",-115.5772317,"BighornSheep"
"47","89","sample",20240119,20240122,20240304,"89","2010-08-22",15:15:00,"Summer","Tyrell Flats","51.6737222",-115.7929322,"Bison"
"48","13BIS","sample",20240119,20240122,20240304,"13","27-5-2022",14:30:00,"Spring","Middle Panther","51.591482",-115.652057,"Bison"
"49","7BIS","sample",20240119,20240122,20240304,"7","2011-05-22",15:55:00,"Spring","Ridge above Tyrell Flats","51.682433",-115.799189,"Bison"
"50","65","sample",20240119,20240122,20240304,"65","2010-08-22",11:32:00,"Summer","Tyrell Slopes","51.684062",-115.795818,"Bison"
"51","43","sample",20240119,20240122,20240304,"43","27-7-2022",10:30:00,"Summer","cascade fire road south of scotch","51.6291283",-115.8315404,"Elk"
"52","30BHS","sample",20240119,20240122,20240304,"30","27-05-2022",11:25:00,"Spring","Middle Panther","51.598366",-115.641631,"BighornSheep"
"53","79","sample",20240119,20240122,20240304,"79","15-7-2022",18:02:00,"Summer","Scotch Pasture","51.667169",-115.838057,"Bison"
"54","80","sample",20240119,20240122,20240304,"80","25-7-2022",16:25:00,"Summer","Divide Pass","51.7393421",-115.9230372,"Bison"
"55","28BHS","sample",20240119,20240122,20240304,"28","2012-05-22",15:35:00,"Spring","Wapiti west slopes","51.70849",-115.789424,"BighornSheep"
"56","312","sample",20240124,20240126,20240304,"312","20-5-2023",16:05:00,"Spring","Divide","51.7206497",-115.9194581,"BighornSheep"
"57","G332","sample",20240124,20240126,20240304,"G332","21-06-2023",14:21:00,"Spring","Chancellor Peak YNP","51.217145",116.549866,"Goat"
"58","387","sample",20240124,20240126,20240304,"387","17-6-2023",15:05:00,"Spring","Divide","51.716048",-115.9048551,"Deer"
"59","G331","sample",20240124,20240126,20240304,"G331","2012-06-23",12:53:00,"Spring","Lake O'hara","51.346743",-116.360902,"Goat"
"60","396","sample",20240124,20240126,20240304,"396","15-6-2023",07:00:00,"Spring","Big Horn","51.7338048",-115.5502819,"Elk"
"61","324","sample",20240124,20240126,20240304,"324","20-5-2023",16:00:00,"Spring","Divide","51.7206497",-115.9194581,"BighornSheep"
"62","226","sample",20240124,20240126,20240304,"226","2001-07-23",11:09:00,"Summer","Sheep Cliffs YHT","51.70668",-115.57729,"BighornSheep"
"63","204","sample",20240124,20240126,20240304,"204","2003-04-23",09:15:00,"Winter","YHT East Bighorn","51.739465",-115.53331,"Elk"
"64","209","sample",20240124,20240126,20240304,"209","2003-04-23",09:42:00,"Winter","YHT East Bighorn","51.739278",-115.531876,"Elk"
"65","223A","sample",20240124,20240126,20240304,"223A","2001-07-23",11:21:00,"Summer","Sheep Cliffs YHT","51.70667",-115.57748,"BighornSheep"
"66","222","sample",20240124,20240126,20240304,"222","17-5-2023",15:34:00,"Spring","Hat Mountain","51.7617309",-115.5767941,"BighornSheep"
"67","401","sample",20240124,20240126,20240304,"401","29-06-2023",09:50:00,"Summer","YHT Pasture","51.7402604",-115.5584488,"Elk"
"68","455","sample",20240124,20240126,20240304,"455","2002-08-23",18:00:00,"Summer","Tarn Lake","51.74042",-115.917,"Bison"
"69","421","sample",20240124,20240126,20240304,"421","2010-07-23",13:11:00,"Summer","5km N. of Windy","51.5642041",-115.7901049,"Elk"
"70","418","sample",20240124,20240126,20240304,"418","2010-07-23",14:00:00,"Summer","Harrison Lake","51.55845",-115.78562,"BighornSheep"
"71","412","sample",20240124,20240126,20240304,"412","2007-07-23",16:50:00,"Summer","Wigmore","51.484795",-115.702326,"Elk"
"72","114","sample",20240124,20240126,20240304,"114","2009-01-23",13:05:00,"Winter","Middle Panther","51.60247",-115.63987,"BighornSheep"
"73","473","sample",20240124,20240126,20240304,"473","25-09-2023",15:50:00,"Fall","Cold sulphur springs (MP)","51.586718",-115.653007,"Bison"
"74","202","sample",20240124,20240126,20240304,"202","2003-04-23",09:06:00,"Winter","YHT East Bighorn","51.73963",-115.53359,"Elk"
"75","403","sample",20240125,20240212,20240304,"403","2002-07-23",15:00:00,"Summer","Shale Pass","51.76479",-115.92495,"BighornSheep"
"76","428","sample",20240125,20240212,20240304,"428","30-07-2023",15:15:00,"Summer","YHT Pasture","51.7414348",-115.5552346,"Elk"
"77","445","sample",20240125,20240212,20240304,"445","2002-08-23",17:51:00,"Summer","Divide","51.7404",-115.91716,"Bison"
"78","424","sample",20240125,20240212,20240304,"424","2001-08-23",08:43:00,"Summer","Scotch pasture","51.66597",-115.83863,"Bison"
"79","453","sample",20240125,20240212,20240304,"453","2001-08-23",15:20:00,"Summer","Stud creek","51.73206",-115.66784,"Elk"
"80","415","sample",20240125,20240212,20240304,"415","2010-07-23",14:20:00,"Summer","Harrison Lake","51.55952",-115.78775,"BighornSheep"
"81","77","sample",20240125,20240212,20240304,"77","25-7-2022",17:10:00,"Summer","Divide Pass","51.7394937",-115.9227622,"Bison"
"82","15ELK","sample",20240125,20240212,20240304,"15","2012-05-22",21:00:00,"Spring","Scotch Pasture","51.664648",-115.839567,"Elk"
"83","63","sample",20240125,20240212,20240304,"63","25-7-2022",17:15:00,"Summer","Divide Pass","51.7399238",-115.9228608,"Bison"
"84","83","sample",20240125,20240212,20240304,"83","19-7-2022",12:40:00,"Summer","Bow Lake","51.655941",-116.417303,"Elk"
"85","76","sample",20240125,20240212,20240304,"76","2010-08-22",15:00:00,"Summer","Tyrell Flats","51.6738507",-115.7874683,"Bison"
"86","39BIS","sample",20240125,20240212,20240304,"39","2011-06-22",09:05:00,"Spring","Tyrell Flats","51.671838",-115.798124,"Bison"
"87","35BHS","sample",20240125,20240212,20240304,"35","2009-06-22",09:35:00,"Spring","Hat Mountain","51.764667",-115.573519,"BighornSheep"
"88","92","sample",20240125,20240212,20240304,"92","2002-06-23",14:50:00,"Spring","Sheep Split","51.171253",-115.69991,"BighornSheep"
"89","318","sample",20240125,20240212,20240304,"318","19-5-2023",10:47:00,"Spring","Scotch Pasture","51.6648121",-115.8368631,"Bison"
"90","365","sample",20240125,20240212,20240304,"365","29-06-2023",16:30:00,"Summer","YHT Back Pasture","51.75624",-115.58717,"BighornSheep"
"91","322","sample",20240125,20240212,20240304,"322","20-5-2023",12:02:00,"Spring","Divide Burn","51.6808973",-115.8702858,"Bison"
"92","353","sample",20240125,20240212,20240304,"353","30-06-2023",18:26:00,"Summer","MW, Two Jack DUA","51.231388",-115.496045,"BighornSheep"
"93","317","sample",20240125,20240212,20240304,"317","19-5-2023",10:10:00,"Spring","Scotch Pasture","51.6630895",-115.8365466,"Bison"
"94","467","sample",20240130,20240201,20240304,"467","2029-07-23",15:30:00,"Summer","Walker's Ridge","51.7408566",-115.5326406,"Deer"
"95","448","sample",20240130,20240201,20240304,"448","2002-08-23",10:00:00,"Summer","Divide trail from scotch","51.6881939",-115.8759396,"Bison"
"96","410","sample",20240130,20240201,20240304,"410","2009-08-23",12:23:00,"Summer","Divide Pass","51.460666",-115.574435,"BighornSheep"
"97","409","sample",20240130,20240201,20240304,"409","23-07-2023",19:00:00,"Summer","Red Deer Valley Between McConel and Divide","51.669757",-115.867346,"Bison"
"98","459","sample",20240130,20240201,20240304,"459","2001-08-23",13:30:00,"Summer","Tyrell Flatts","51.6735309",-115.7932757,"Bison"
"99","454","sample",20240130,20240201,20240304,"454","2002-08-23",18:00:00,"Summer","Tarn Lake","51.74028",-115.916931,"Bison"
"100","404","sample",20240130,20240201,20240304,"404","2002-07-23",11:15:00,"Summer","Tyrell Pass","51.76484",-115.84753,"BighornSheep"
"101","405","sample",20240130,20240201,20240304,"405","2002-07-23",16:30:00,"Summer","Divide Pass","51.75569",-115.94084,"BighornSheep"
"102","107","sample",20240130,20240201,20240304,"107","2009-01-23",13:10:00,"Winter","Middle Panther","51.5970322",-115.6430172,"Bison"
"103","145","sample",20240130,20240201,20240304,"145","15-3-2023",12:15:00,"Winter","Labyrinth Burn","51.661789",-115.407489,"BighornSheep"
"104","100","sample",20240130,20240201,20240304,"100","30-3-2023",09:54:00,"Winter","YHT East Bighorn","51.745393",-115.528304,"Elk"
"105","148","sample",20240130,20240201,20240304,"148","15-3-2023",13:55:00,"Winter","Labyrinth Burn","51.669249",-115.427209,"BighornSheep"
"106","132","sample",20240130,20240201,20240304,"132","2007-03-23",13:34:00,"Winter","Wapiti Flats","51.6002",-115.66705,"Bison"
"107","146","sample",20240130,20240201,20240304,"146","15-3-2023",14:26:00,"Winter","Labyrinth Burn","51.669889",-115.423317,"BighornSheep"
"108","141","sample",20240130,20240201,20240304,"141","30-3-2023",12:05:00,"Winter","YHT East Bighorn","51.741557",-115.535779,"Elk"
"109","386","sample",20240130,20240201,20240304,"386","15-6-2023",10:55:00,"Spring","Tyrell Flats","51.6736255",-115.793295,"Deer"
"110","334","sample",20240130,20240201,20240304,"334","29-06-2023",11:26:00,"Spring","Scalp Creek CW Road","51.78765",-115.62818,"Elk"
"111","320","sample",20240130,20240201,20240304,"320","19-5-2023",15:15:00,"Spring","Tyrell Flats","51.6751287",-115.7833846,"Bison"
"112","357","sample",20240130,20240201,20240304,"357","27-06-2023",09:53:00,"Summer","Cadet Camp","51.2143334",-115.5336886,"Deer"
"113","310","sample",20240130,20240201,20240304,"310","17-5-2023",15:45:00,"Spring","Hat Mountain","51.7617309",-115.5767941,"BighornSheep"
"114","8BIS","sample",20240131,20240201,20240304,"8","2011-05-22",16:05:00,"Spring","Ridge above Tyrell Flats","51.682686",-115.799384,"Bison"
"115","4BIS","sample",20240131,20240201,20240304,"4","2010-05-22",20:45:00,"Spring","Scotch Pasture","51.665244",-115.836168,"Bison"
"116","71","sample",20240131,20240201,20240304,"71","2008-08-22",14:37:00,"Summer","Tyrell Flats","51.672312",-115.798777,"Bison"
"117","G335","sample",20240207,20240214,20240304,"G335","2006-07-23",11:26:00,"Summer","Lake O'hara","51.342681",-116.359838,"Goat"
"118","210","sample",20240207,20240214,20240304,"210","2003-04-23",09:50:00,"Winter","YHT East Bighorn","51.739257",-115.531813,"Elk"
"119","207","sample",20240207,20240214,20240304,"207","2003-04-23",09:31:00,"Winter","YHT East Bighorn","51.73936",-115.53256,"Elk"
"120","359","sample",20240207,20240214,20240304,"359","27-06-2023",09:49:00,"Summer","Cadet Camp","51.2144216",-115.5355253,"Deer"
"121","121","sample",20240207,20240214,20240304,"121","2011-01-23",13:00:00,"Winter","Hat Mountain","51.76534",-115.572137,"BighornSheep"
"122","388","sample",20240207,20240214,20240304,"388","16-6-2023",10:40:00,"Spring","Scotch Bridge","51.6664543",-115.8259057,"Deer"
"123","301","sample",20240207,20240214,20240304,"301","2002-06-23",11:45:00,"Spring","Airstrip","51.201691",-115.546869,"Deer"
"124","105","sample",20240207,20240214,20240304,"105","2009-01-23",14:20:00,"Winter","Middle Panther","51.5992273",-115.6437612,"Bison"
"125","354","sample",20240207,20240214,20240304,"354","25-7-2023",16:30:00,"Summer","Two Jack DUA","51.231199",-115.496895,"BighornSheep"
"126","472","sample",20240207,20240214,20240304,"472","25-09-2023",15:50:00,"Fall","Cold sulphur springs (MP)","51.586755",-115.653121,"Bison"
"127","474","sample",20240207,20240214,20240304,"474","26-09-2023",15:25:00,"Fall","Middle Panther","51.591652",-115.65595,"BighornSheep"
"128","307","sample",20240207,20240214,20240304,"307","17-5-2023",11:20:00,"Spring","Mare Flats","51.7378714",-115.5742186,"Elk"
"129","117","sample",20240207,20240214,20240304,"117","2011-01-23",10:55:00,"Winter","YHT Pasture","51.748887",-115.565661,"Elk"
"130","413","sample",20240207,20240214,20240304,"413","2010-07-23",14:08:00,"Summer","Harrison Lake","51.560101",-115.79353,"BighornSheep"
"131","326","sample",20240207,20240214,20240304,"326","16-5-2023",15:34:00,"Spring","Dog Rib Burn","51.664977",-115.409609,"BighornSheep"
"132","332","sample",20240207,20240214,20240304,"332","21-05-2023",10:30:00,"Spring","Scotch meadows","51.664762",-115.841068,"Elk"
"133","451","sample",20240207,20240214,20240304,"451","31-07-2023",10:15:00,"Summer","YHT old road","51.7463673",-115.5737028,"BighornSheep"
"134","407","sample",20240207,20240214,20240304,"407","2002-07-23",20:15:00,"Summer","Divide","51.726869",-115.917462,"Bison"
"135","431","sample",20240207,20240214,20240304,"431","2001-08-23",09:04:00,"Summer","Scotch pasture","51.665821",-115.838833,"Bison"
"136","31BHS","sample",20240207,20240214,20240304,"31","27-05-2022",12:00:00,"Spring","Middle Panther","51.597498",-115.642696,"BighornSheep"
"137","ELK46","sample",20240207,20240214,20240304,"46","16-6-2022",09:20:00,"Spring","Bighorn Flats","51.73378",-115.53444,"Elk"
"138","325","sample",20240207,20240214,20240304,"325","18-5-2023",09:11:00,"Spring","West Lakes","51.7183694",-115.6610735,"Elk"
"139","362","sample",20240207,20240214,20240304,"362","29-06-2023",10:04:00,"Spring","YHT Pasture","51.74042",-115.55866,"Elk"
"140","103","sample",20240207,20240214,20240304,"103","2009-01-23",14:10:00,"Winter","Middle Panther","51.599557",-115.6442701,"Bison"
"141","220","sample",20240207,20240214,20240304,"220","20-5-2023",12:09:00,"Spring","Divide","51.6806859",-115.8707954,"Bison"
"142","438","sample",20240207,20240214,20240304,"438","2002-08-23",16:15:00,"Summer","Tarn Lake","51.740243",-115.916996,"Bison"
"143","381","sample",20240207,20240214,20240304,"381","16-6-2023",09:50:00,"Spring","Scotch Pasture","51.6659596",-115.8386948,"Bison"
"144","122","sample",20240207,20240214,20240304,"122","2011-01-23",13:00:00,"Winter","Hat Mountain","51.765343",-115.5732137,"BighornSheep"
"145","398","sample",20240207,20240214,20240304,"398","17-6-2023",20:20:00,"Spring","Scotch Pasture","51.6649237",-115.8410095,"Bison"
"146","139.2","sample",20240207,20240214,20240304,"139.2","17-5-2023",11:58:00,"Spring","Mare Flats","51.7470796",-115.5740707,"Elk"
"147","51","sample",20240207,20240214,20240304,"51","2006-08-23",16:58:00,"Summer","Scotch Pasture","51.66608",-115.83819,"Bison"
"148","343","sample",20240207,20240214,20240304,NA,NA,NA,NA,NA,NA,NA,NA
"149","382","sample",20240207,20240214,20240304,"382","29-06-2023",10:00:00,"Summer","YHT Pasture","51.7403889",-115.5586835,"Elk"
"150","364","sample",20240207,20240214,20240304,"364","29-06-2023",16:43:00,"Spring","YHT Pasture","51.73807",-115.56415,"Elk"
"151","206","sample",20240207,20240214,20240304,"206","2003-04-23",09:26:00,"Winter","YHT East Bighorn","51.739425",-115.532925,"Elk"
"152","106","sample",20240207,20240214,20240304,"106","2009-01-23",14:30:00,"Winter","Middle Panther","51.5994033",-115.6439211,"BighornSheep"
"153","377","sample",20240207,20240214,20240304,"377","27-06-2023",09:43:00,"Summer","Cadet Camp","51.2142948",-115.535233,"Elk"
"154","460","sample",20240207,20240214,20240304,"460","2002-08-23",15:00:00,"Summer","Scotch pasture","51.6651036",-115.8363069,"Bison"
"155","361","sample",20240207,20240214,20240304,"361","28-06-2023",16:50:00,"Spring","YHT old ranch road","51.7464746",-115.5791036,"BighornSheep"
"156","125","sample",20240207,20240214,20240304,"125","2011-01-23",13:10:00,"Winter","Hat Mountain","51.7653434",-115.5720812,"BighornSheep"
"157","384","sample",20240207,20240214,20240304,"384","24-06-2023",16:30:00,"Summer","YHT near ranch","51.75215",-115.58179,"BighornSheep"
"158","400","sample",20240207,20240214,20240304,"400","17-6-2023",20:25:00,"Spring","Scotch Pasture","51.6640248",-115.841002,"Bison"
"159","371","sample",20240207,20240214,20240304,"371","29-06-2023",09:58:00,"Spring","YHT Pasture","51.74042",-115.55866,"Elk"
"160","70","sample",20240207,20240214,20240304,"70","2010-08-22",15:29:00,"Summer","Tyrell Flats","51.673924",-115.792833,"Bison"
"161","74","sample",20240207,20240214,20240304,"74","25-7-2022",18:10:00,"Summer","Divide Pass","51.752544",-115.930706,"Bison"
"162","225","sample",20240207,20240214,20240304,"225","2001-07-23",11:16:00,"Summer","Sheep Cliffs YHT","51.70666",-115.57745,"BighornSheep"
"163","138.1","sample",20240207,20240214,20240304,"138.1","17-5-2023",11:08:00,"Spring","Mare Flats","51.737702",-115.57575,"Elk"
"164","327","sample",20240207,20240214,20240304,"327","17-5-2023",12:11:00,"Spring","Mare Flats","51.738914",-115.5746913,"Elk"
"165","97","sample",20240207,20240214,20240304,"97","2008-08-22",14:58:00,"Summer","Tyrell Flats","51.672366",-115.798703,"Bison"
"166","224","sample",20240207,20240214,20240304,"224","21-5-2023",10:58:00,"Spring","Scotch Meadows","51.6638531",-115.8398635,"Deer"
"167","61","sample",20240207,20240214,20240304,"61","27-6-2022",16:25:00,"Spring","Middle Panther Saltlick","51.59211",-115.655099,"BighornSheep"
"168","96","sample",20240207,20240214,20240304,"96","24-7-2022",12:20:00,"Summer","Dogrib","51.688511",-115.576854,"Elk"
"169","336","sample",20240207,20240214,20240304,"336","24-06-2023",16:30:00,"Summer","YHT Back Pasture","51.75624",-115.58717,"BighornSheep"
"170","129","sample",20240207,20240214,20240304,"129","17-5-2023",11:20:00,"Spring","Mare Flats","51.737797",-115.5740103,"Elk"
"171","302","sample",20240207,20240214,20240304,"302","20-5-2023",16:00:00,"Spring","Divide","51.7205589",-115.919554,"BighornSheep"
"172","60","sample",20240207,20240214,20240304,"60","25-7-2022",16:45:00,"Summer","Divide Pass","51.7386235",-115.9220592,"Bison"
"173","205","sample",20240207,20240214,20240304,"205","2003-04-23",09:21:00,"Winter","YHT East Bighorn","51.739366",-115.533017,"Elk"
"174","98","sample",20240207,20240214,20240304,"98","2010-08-22",14:40:00,"Summer","Tyrell Flats","51.6746092",-115.784957,"Bison"
"175","223B","sample",20240207,20240214,20240304,"223B","21-5-2023",10:30:00,"Spring","Scotch Meadow","51.6646576",-115.8403483,"Elk"
"176","118","sample",20240207,20240214,20240304,"118","2011-01-23",10:30:00,"Winter","YHT Pasture","51.748565",-115.565209,"Elk"
"177","111","sample",20240207,20240214,20240304,"111","2009-01-23",14:50:00,"Winter","MIddle Panther","51.5988701",-115.6433632,"Bison"
"178","57","sample",20240207,20240214,20240304,"57","25-6-2022",15:00:00,"Spring","Winy sincline across from cabin","51.546124",-115.727628,"BighornSheep"
"179","333","sample",20240207,20240214,20240304,"333","21-5-2023",10:46:00,"Spring","Scotch Meadows","51.664852",-115.8388463,"Deer"
"180","338","sample",20240207,20240214,20240304,"338","2002-06-23",12:00:00,"Spring","Airstrip","51.2032949",-115.5445835,"Elk"
"181","137","sample",20240207,20240214,20240304,"137","2012-05-23",18:15:00,"Spring","Wapiti Creek","51.693479",-115.710913,"Bison"
"182","360","sample",20240207,20240214,20240304,"360","29-06-2023",09:51:00,"Spring","YHT Pasture","51.73807",-115.56415,"Elk"
"183","69","sample",20240207,20240214,20240304,"69","2008-08-22",14:20:00,"Summer","Tyrell Flats","51.672248",-115.798619,"Bison"
"184","3BIS","sample",20240207,20240214,20240304,"3","2010-05-22",20:30:00,"Spring","Scotch Pasture","51.665246",-115.836428,"Bison"
"185","385","sample",20240207,20240214,20240304,"385","15-6-2023",11:00:00,"Spring","Tyrell Flats","51.6737488",-115.793408,"Elk"
"186","213","sample",20240207,20240214,20240304,"213","2003-04-23",15:30:00,"Winter","Labyrinth Burn","51.669092",-115.42989,"BighornSheep"
"187","309","sample",20240207,20240214,20240304,"309","19-5-2023",17:00:00,"Spring","Coyote Creek","51.6855645",-115.8073206,"Bison"
"188","450","sample",20240219,20240221,20240304,"450","2002-08-23",14:44:00,"Summer","Scotch pasture","51.6651036",-115.8363069,"Bison"
"189","308","sample",20240219,20240221,20240304,"308","16-06-2023",10:40:00,"Spring","Hat road","51.764404",-115.546153,"Elk"
"190","67","sample",20240219,20240221,20240304,"67","2006-08-23",17:00:00,"Summer","Scotch Pasture","51.6603",-115.83763,"Bison"
"191","18ELK","sample",20240219,20240221,20240304,"18","19-5-2022",11:27:00,"Spring","Main Pasture YHT","51.740518",-115.552409,"Elk"
"192","203","sample",20240219,20240221,20240304,"203","2003-04-23",09:11:00,"Winter","YHT East Bighorn","51.739535",-115.533253,"Elk"
"193","425","sample",20240219,20240221,20240304,"425","30-07-2023",12:38:00,"Summer","West Lakes","51.722776",-115.664748,"Elk"
"194","300","sample",20240219,20240221,20240304,"300","19-5-2023",15:00:00,"Spring","Tyrell Flats","51.6755959",-115.7828964,"Bison"
"195","138","sample",20240219,20240221,20240304,"138","2012-07-23",10:15:00,"Summer","Windy Pasture","51.54043",-115.72696,"Elk"
"196","375","sample",20240219,20240221,20240304,"375","2001-07-23",15:00:00,"Summer","CP Mile 83.7","51.172729",-115.611976,"Moose"
"197","26BHS","sample",20240219,20240221,20240304,"26","2011-05-22",13:06:00,"Spring","Tyrell Subpeak","51.692946",-115.814479,"BighornSheep"
"198","402","sample",20240219,20240221,20240304,"402","2002-07-23",11:15:00,"Summer","Tyrell Pass","51.76484",-115.84753,"Elk"
"199","221","sample",20240219,20240221,20240304,"221","17-5-2023",16:15:00,"Spring","Hat Mountain","51.7583081",-115.5791924,"BighornSheep"
"200","95","sample",20240219,20240221,20240304,"95","24-7-2022",12:30:00,"Summer","Dogrib","51.688455",-115.576998,"Elk"
"201","311","sample",20240219,20240221,20240304,"311","17-5-2023",15:34:00,"Spring","Hat Mountain","51.7617309",-115.5767941,"BighornSheep"
"202","339","sample",20240219,20240221,20240304,"339","2005-07-23",15:20:00,"Spring","Baldspot Norquay","51.19696",-115.58481,"BighornSheep"
"203","128","sample",20240219,20240221,20240304,"128","2011-01-23",13:10:00,"Winter","Hat Mountain","51.7653564",-115.5725043,"BighornSheep"
"204","127","sample",20240219,20240221,20240304,"127","2011-01-23",13:30:00,"Winter","Hat Mountain","51.7653412",-115.572843,"BighornSheep"
"205","88","sample",20240219,20240221,20240304,"88","30-3-2023",09:32:00,"Winter","YHT East Bighorn","51.744273",-115.537831,"Elk"
"206","468","sample",20240219,20240221,20240304,"468","2003-08-23",09:55:00,"Summer","Tyrell Flats","51.67348",-115.78662,"Bison"
"207","22ELK","sample",20240219,20240221,20240304,"22","2008-06-22",17:17:00,"Spring","Ya Ha Tinda Pasture","51.742431",-115.560329,"Elk"
"208","136","sample",20240219,20240221,20240304,"136","2006-04-23",13:00:00,"Winter","Middle Panther","51.59742",-115.65441,"Bison"
"209","392","sample",20240219,20240221,20240304,"392","16-6-2023",09:55:00,"Spring","Scotch Pasture","51.6663636",-115.8398089,"Bison"
"210","126","sample",20240219,20240221,20240304,"126","2008-01-23",14:30:00,"Winter","Middle Panther","51.58528",-115.66635,"Bison"
"211","368","sample",20240219,20240221,20240304,"368","17-6-2023",15:15:00,"Spring","Divide","51.716048",-115.9048551,"Moose"
"212","422","sample",20240219,20240221,20240304,"422","2010-07-23",15:00:00,"Summer","N. of Windy","51.55704",-115.77723,"Deer"
"213","395","sample",20240219,20240221,20240304,"395","16-6-2023",09:10:00,"Spring","Scotch Pasture","51.666803",-115.8395286,"Bison"
"214","102","sample",20240219,20240221,20240304,"102","2009-01-23",12:50:00,"Winter","Middle Panther","51.602353",-115.639529,"BighornSheep"
"215","389","sample",20240219,20240221,20240304,"389","16-6-2023",09:40:00,"Spring","Scotch Pasture","51.6654064",-115.8376484,"Bison"
"216","201","sample",20240219,20240221,20240304,"201","2003-04-23",09:00:00,"Winter","YHT East Bighorn","51.739169",-115.533926,"Elk"
"217","394","sample",20240219,20240221,20240304,"394","16-6-2023",09:32:00,"Spring","Scotch Pasture","51.6657687",-115.8383752,"Bison"
"218","340","sample",20240219,20240221,20240304,"340","2002-06-23",13:50:00,"Spring","Minnewanka Dam","51.239816",-115.492051,"BighornSheep"
"219","397","sample",20240219,20240221,20240304,"397","15-6-2023",10:44:00,"Spring","Tyrell Flats","51.6736896",-115.7933788,"Elk"
"220","416","sample",20240219,20240221,20240304,"416","2001-08-23",08:43:00,"Summer","Scotch pasture","51.666098",-115.838625,"Bison"
"221","120","sample",20240219,20240221,20240304,"120","2011-01-23",13:30:00,"Winter","Hat Mountain","51.765337",-115.572079,"BighornSheep"
"222","316","sample",20240219,20240221,20240304,"316","17-5-2023",11:48:00,"Spring","Mare Flats","51.7413997",-115.5742662,"Elk"
"223","52","sample",20240219,20240221,20240304,"52","26-7-2022",12:30:00,"Summer","Divide","51.721733",-115.9324695,"BighornSheep"
"224","115","sample",20240219,20240221,20240304,"115","2008-01-23",14:40:00,"Winter","Middle Panther","51.584729",-115.66608,"Bison"
"225","390","sample",20240219,20240221,20240304,"390","16-6-2023",09:20:00,"Spring","Scotch Pasture","51.6666495",-115.840008,"Bison"
"226","352","sample",20240219,20240221,20240304,"352","2005-07-23",18:58:00,"Spring","Lookout at Two Jack Lake","51.2314105",-115.4962283,"BighornSheep"
"227","66","sample",20240219,20240221,20240304,"66","2010-08-22",11:30:00,"Summer","Tyrell Slopes","51.6835706",-115.8078054,"Bison"
"228","208","sample",20240219,20240221,20240304,"208","2003-04-23",09:36:00,"Winter","YHT East Bighorn","51.739363",-115.532464,"Elk"
"229","370","sample",20240219,20240221,20240304,"370","22-6-2023",09:20:00,"Spring","Cadet Camp","51.2150216",-115.5339187,"Elk"
"230","399","sample",20240219,20240221,20240304,"399","29-06-2023",09:45:00,"Summer","YHT Pasture","51.7403479",-115.5585785,"Elk"
"231","321","sample",20240219,20240221,20240304,"321","20-5-2023",10:00:00,"Spring","Scotch Pasture","51.6657911",-115.8256874,"Bison"
"232","319","sample",20240219,20240221,20240304,"319","16-5-2023",15:00:00,"Spring","Dog Rib Burn","51.664927",-115.4095685,"BighornSheep"
"233","358","sample",20240219,20240221,20240304,"358","27-06-2023",09:34:00,"Summer","Cadet Camp","51.2142666",-115.5357272,"Elk"
"234","64","sample",20240219,20240221,20240304,"64","2008-08-22",14:20:00,"Summer","Tyrell Flats","51.67232",-115.798617,"Bison"
"235","37BHS","sample",20240219,20240221,20240304,"37","2009-06-22",10:20:00,"Spring","Hat Mountain","51.766512",-115.578809,"BighornSheep"
"236","461","sample",20240219,20240221,20240304,"461","27-07-2023",09:40:00,"Summer","YHT Pasture","51.74869",-115.57124,"Elk"
"237","109","sample",20240219,20240221,20240304,"109","2011-01-23",10:30:00,"Winter","YHT Pasture","51.748565",-115.565209,"Elk"
"238","6BIS","sample",20240219,20240221,20240304,"6","2011-05-22",15:45:00,"Spring","Ridge above Tyrell Flats","51.682606",-115.799459,"Bison"
"239","391","sample",20240219,20240221,20240304,"391","17-6-2023",20:00:00,"Spring","Scotch Pasture","51.665109",-115.8295303,"Bison"
"240","104","sample",20240219,20240221,20240304,"104","2009-01-23",14:15:00,"Winter","Middle Panther","51.599497",-115.644248,"Bison"
"241","34BHS","sample",20240219,20240221,20240304,"34","2009-06-22",09:26:00,"Spring","Hat Mountain","51.764649",-115.57352,"BighornSheep"
"242","331","sample",20240219,20240221,20240304,"331","21-5-2023",10:23:00,"Spring","Scotch Meadows","51.6646576",-115.8403485,"Elk"
"243","110","sample",20240219,20240221,20240304,"110","2009-01-23",15:00:00,"Winter","MIddle Panther","51.5984849",-115.6430769,"Bison"
"244","142","sample",20240219,20240221,20240304,"142","30-3-2023",12:09:00,"Winter","YHT East Bighorn","51.740548",-115.535253,"Elk"
"245","139.1","sample",20240219,20240221,20240304,"139.1","2002-06-23",14:50:00,"Spring","Sheep Split","51.171251",-115.699916,"BighornSheep"
"246","315","sample",20240219,20240221,20240304,"315","19-5-2023",09:50:00,"Spring","Scotch Pasture","51.6625072",-115.8381633,"Bison"
"247","124","sample",20240219,20240221,20240304,"124","2011-01-23",13:33:00,"Winter","Hat Mountain","51.7653031",-115.572713,"BighornSheep"
"248","ELK45","sample",20240219,20240221,20240304,"45","14-7-2022",12:30:00,"Summer","YHT Pasture","51.742786",-115.558884,"Elk"
"249","ELK44","sample",20240219,20240221,20240304,"44","13-6-2022",10:20:00,"Spring","Main Pasture YHT","51.74204",-115.56273,"Elk"
"250","87","sample",20240219,20240221,20240304,"87","24-7-2022",13:00:00,"Summer","Dogrib","51.68761",-115.5816,"Elk"
"251","393","sample",20240219,20240221,20240304,"393","16-6-2023",09:25:00,"Spring","Scotch Pasture","51.6666198",-115.8399765,"Bison"
"252","439","sample",20240219,20240221,20240304,"439","29-07-2023",16:08:00,"Summer","Walker's Ridge","51.7366281",-115.5200705,"Elk"
"253","BLA20240429","control",20240429,20240501,20240726,NA,NA,NA,NA,NA,NA,NA,NA
"254","BLA20240611","control",20240611,20240618,20240726,NA,NA,NA,NA,NA,NA,NA,NA
"255","NEG20240501","control",NA,20240501,20240726,NA,NA,NA,NA,NA,NA,NA,NA
"256","POS20240501","control",NA,20240501,20240726,NA,NA,NA,NA,NA,NA,NA,NA
"257","NEG20240618","control",NA,20240618,20240726,NA,NA,NA,NA,NA,NA,NA,NA
"258","POS20240618","control",NA,20240618,20240726,NA,NA,NA,NA,NA,NA,NA,NA
"259","BHS101","sample",20240429,20240501,20240726,"101","2009-01-23",13:05:00,"Winter","Middle Panther","51.6024975",-115.639845,"BighornSheep"
"260","BIS108","sample",20240429,20240501,20240726,"108","2009-01-23",14:45:00,"Winter","Middle Panther","51.599497",-115.644248,"Bison"
"261","BIS112","sample",20240429,20240501,20240726,"112","2009-01-23",14:25:00,"Winter","Middle Panther","51.5990363",-115.6435101,"Bison"
"262","BIS113","sample",20240429,20240501,20240726,"113","2009-01-23",14:40:00,"Winter","Middle Panther","51.599041",-115.6435443,"Bison"
"263","BIS116","sample",20240429,20240501,20240726,"116","2008-01-23",14:30:00,"Winter","Middle Panther","51.58518",-115.66635,"Bison"
"264","BIS130","sample",20240429,20240501,20240726,"130","17-02-2023",12:50:00,"Winter","Middle Panther","51.582551",-115.677286,"Bison"
"265","BIS131","sample",20240429,20240501,20240726,"131","17-02-2023",13:00:00,"Winter","Panther Valley","51.582551",-115.677286,"Bison"
"266","BHS143","sample",20240429,20240501,20240726,"143","15-3-2023",14:40:00,"Winter","Labyrinth Burn","51.670889",-115.430409,"BighornSheep"
"267","BHS149","sample",20240429,20240501,20240726,"149","15-3-2023",14:10:00,"Winter","Labyrinth Burn","51.669737",-115.426943,"BighornSheep"
"268","BHS150","sample",20240429,20240501,20240726,"150","15-3-2023",14:35:00,"Winter","Labyrinth Burn","51.670937",-115.430244,"BighornSheep"
"269","BIS355","sample",20240611,20240618,20240726,"355","2024-02-25",12:00:00,"Winter","Panther East Jct Trail","51.59199",-115.655437,"Bison"
"270","BIS372","sample",20240611,20240618,20240726,"372","2024-02-25",12:55:00,"Winter","Middle Panther","51.591958",-115.656735,"Bison"
"271","WTD374","sample",20240611,20240618,20240726,"374","2024-05-21",17:40:00,"Spring","Scotch SW Corner","51.66305",-115.83864,"Deer"
"272","WTD379","sample",20240611,20240618,20240726,"379","2024-05-24",10:20:00,"Spring","Old buffalo paddock","51.200887",-115.550786,"Deer"
"273","BIS380","sample",20240611,20240618,20240726,"380","2024-02-25",13:00:00,"Winter","Panther East Jct Trail","51.591878",-115.656766,"Bison"
"274","BIS411","sample",20240611,20240618,20240726,"411","2023-10-18",14:24:00,"Winter","Tyrell","51.539728",-115.730763,"Bison"
"275","BIS419","sample",20240611,20240618,20240726,"419","2024-01-26",08:30:00,"Winter","Scotch","51.662614",-115.840313,"Bison"
"276","BIS427","sample",20240611,20240618,20240726,"427","2024-01-26",NA,"Winter","Scotch","51.667096",-115.835224,"Bison"
"277","BIS432","sample",20240611,20240618,20240726,"432","2023-10-18",14:20:00,"Winter","Tyrell","51.673731",-115.794268,"Bison"
"278","BIS435","sample",20240611,20240618,20240726,"435","2020-03-15",NA,"Winter","Tyrell","51.673439",-115.784154,"Bison"
"279","DEER449","sample",20240611,20240618,20240726,"449","2024-05-24",09:15:00,"Spring","Cadet Camp","51.2142087",-115.5358315,"Deer"
"280","MD452","sample",20240611,20240618,20240726,"452","2024-05-23",11:00:00,"Spring","Carrot Creek","51.15401",-115.40256,"Deer"
"281","WTD456","sample",20240611,20240618,20240726,"456","2024-05-24",10:00:00,"Spring","Old buffalo paddock","51.199426",-115.551209,"Deer"
"282","BIS462","sample",20240611,20240618,20240726,"462","2020-02-27",NA,"Winter","Scotch","51.667395Â ",-115.837357,"Bison"
"283","BIS464","sample",20240611,20240618,20240726,"464","2021-01-12",NA,"Winter","Scotch","51.662614",-115.840313,"Bison"
"284","BIS466","sample",20240611,20240618,20240726,"466","2023-11-10",10:35:00,"Winter","Middle Panther","51.588116",-115.654163,"Bison"
"285","BIS470","sample",20240611,20240618,20240726,"470","2020-02-28",NA,"Winter","Scotch","51.664324",-115.832317,"Bison"
